postcode,gemeente,provincie,gewest
1500,Halle,Vlaams-Brabant,Vlaams Gewest
1501,Halle,Vlaams-Brabant,Vlaams Gewest
1502,Halle,Vlaams-Brabant,Vlaams Gewest
1540,Herne,Vlaams-Brabant,Vlaams Gewest
1541,Herne,Vlaams-Brabant,Vlaams Gewest
1547,Bever,Vlaams-Brabant,Vlaams Gewest
1560,Hoeilaart,Vlaams-Brabant,Vlaams Gewest
1570,Galmaarden,Vlaams-Brabant,Vlaams Gewest
1600,Sint-Pieters-Leeuw,Vlaams-Brabant,Vlaams Gewest
1601,Sint-Pieters-Leeuw,Vlaams-Brabant,Vlaams Gewest
1602,Sint-Pieters-Leeuw,Vlaams-Brabant,Vlaams Gewest
1620,Drogenbos,Vlaams-Brabant,Vlaams Gewest
1630,Linkebeek,Vlaams-Brabant,Vlaams Gewest
1640,Sint-Genesius-Rode,Vlaams-Brabant,Vlaams Gewest
1650,Beersel,Vlaams-Brabant,Vlaams Gewest
1651,Beersel,Vlaams-Brabant,Vlaams Gewest
1652,Beersel,Vlaams-Brabant,Vlaams Gewest
1653,Beersel,Vlaams-Brabant,Vlaams Gewest
1654,Beersel,Vlaams-Brabant,Vlaams Gewest
1670,Pepingen,Vlaams-Brabant,Vlaams Gewest
1671,Pepingen,Vlaams-Brabant,Vlaams Gewest
1673,Pepingen,Vlaams-Brabant,Vlaams Gewest
1674,Pepingen,Vlaams-Brabant,Vlaams Gewest
1700,Dilbeek,Vlaams-Brabant,Vlaams Gewest
1701,Dilbeek,Vlaams-Brabant,Vlaams Gewest
1702,Dilbeek,Vlaams-Brabant,Vlaams Gewest
1703,Dilbeek,Vlaams-Brabant,Vlaams Gewest
1730,Asse,Vlaams-Brabant,Vlaams Gewest
1731,Asse,Vlaams-Brabant,Vlaams Gewest
1733,Asse,Vlaams-Brabant,Vlaams Gewest
1740,Ternat,Vlaams-Brabant,Vlaams Gewest
1741,Ternat,Vlaams-Brabant,Vlaams Gewest
1742,Ternat,Vlaams-Brabant,Vlaams Gewest
1745,Opwijk,Vlaams-Brabant,Vlaams Gewest
1750,Lennik,Vlaams-Brabant,Vlaams Gewest
1755,Gooik,Vlaams-Brabant,Vlaams Gewest
1760,Roosdaal,Vlaams-Brabant,Vlaams Gewest
1761,Roosdaal,Vlaams-Brabant,Vlaams Gewest
1770,Liedekerke,Vlaams-Brabant,Vlaams Gewest
1780,Wemmel,Vlaams-Brabant,Vlaams Gewest
1785,Merchtem,Vlaams-Brabant,Vlaams Gewest
1790,Affligem,Vlaams-Brabant,Vlaams Gewest
1800,Vilvoorde,Vlaams-Brabant,Vlaams Gewest
1804,Vilvoorde,Vlaams-Brabant,Vlaams Gewest
1820,Steenokkerzeel,Vlaams-Brabant,Vlaams Gewest
1830,Machelen,Vlaams-Brabant,Vlaams Gewest
1831,Machelen,Vlaams-Brabant,Vlaams Gewest
1840,Londerzeel,Vlaams-Brabant,Vlaams Gewest
1850,Grimbergen,Vlaams-Brabant,Vlaams Gewest
1851,Grimbergen,Vlaams-Brabant,Vlaams Gewest
1852,Grimbergen,Vlaams-Brabant,Vlaams Gewest
1853,Grimbergen,Vlaams-Brabant,Vlaams Gewest
1860,Meise,Vlaams-Brabant,Vlaams Gewest
1861,Meise,Vlaams-Brabant,Vlaams Gewest
1880,Kapelle-op-den-Bos,Vlaams-Brabant,Vlaams Gewest
1910,Kampenhout,Vlaams-Brabant,Vlaams Gewest
1930,Zaventem,Vlaams-Brabant,Vlaams Gewest
1931,Machelen,Vlaams-Brabant,Vlaams Gewest
1932,Zaventem,Vlaams-Brabant,Vlaams Gewest
1933,Zaventem,Vlaams-Brabant,Vlaams Gewest
1934,Machelen,Vlaams-Brabant,Vlaams Gewest
1935,Zaventem,Vlaams-Brabant,Vlaams Gewest
1950,Kraainem,Vlaams-Brabant,Vlaams Gewest
1970,Wezembeek-Oppem,Vlaams-Brabant,Vlaams Gewest
1980,Zemst,Vlaams-Brabant,Vlaams Gewest
1981,Zemst,Vlaams-Brabant,Vlaams Gewest
1982,Zemst,Vlaams-Brabant,Vlaams Gewest
2000,Antwerpen,Antwerpen,Vlaams Gewest
2018,Antwerpen,Antwerpen,Vlaams Gewest
2020,Antwerpen,Antwerpen,Vlaams Gewest
2030,Antwerpen,Antwerpen,Vlaams Gewest
2040,Antwerpen,Antwerpen,Vlaams Gewest
2050,Antwerpen,Antwerpen,Vlaams Gewest
2060,Antwerpen,Antwerpen,Vlaams Gewest
2070,Zwijndrecht,Antwerpen,Vlaams Gewest
2099,Antwerpen,Antwerpen,Vlaams Gewest
2100,Antwerpen,Antwerpen,Vlaams Gewest
2110,Wijnegem,Antwerpen,Vlaams Gewest
2140,Antwerpen,Antwerpen,Vlaams Gewest
2150,Borsbeek,Antwerpen,Vlaams Gewest
2160,Wommelgem,Antwerpen,Vlaams Gewest
2170,Antwerpen,Antwerpen,Vlaams Gewest
2180,Antwerpen,Antwerpen,Vlaams Gewest
2200,Herentals,Antwerpen,Vlaams Gewest
2220,Heist-op-den-Berg,Antwerpen,Vlaams Gewest
2221,Heist-op-den-Berg,Antwerpen,Vlaams Gewest
2222,Heist-op-den-Berg,Antwerpen,Vlaams Gewest
2223,Heist-op-den-Berg,Antwerpen,Vlaams Gewest
2230,Herselt,Antwerpen,Vlaams Gewest
2235,Hulshout,Antwerpen,Vlaams Gewest
2240,Zandhoven,Antwerpen,Vlaams Gewest
2242,Zandhoven,Antwerpen,Vlaams Gewest
2243,Zandhoven,Antwerpen,Vlaams Gewest
2250,Olen,Antwerpen,Vlaams Gewest
2260,Westerlo,Antwerpen,Vlaams Gewest
2270,Herenthout,Antwerpen,Vlaams Gewest
2275,Lille,Antwerpen,Vlaams Gewest
2280,Grobbendonk,Antwerpen,Vlaams Gewest
2288,Grobbendonk,Antwerpen,Vlaams Gewest
2290,Vorselaar,Antwerpen,Vlaams Gewest
2300,Turnhout,Antwerpen,Vlaams Gewest
2310,Rijkevorsel,Antwerpen,Vlaams Gewest
2320,Hoogstraten,Antwerpen,Vlaams Gewest
2321,Hoogstraten,Antwerpen,Vlaams Gewest
2323,Hoogstraten,Antwerpen,Vlaams Gewest
2328,Hoogstraten,Antwerpen,Vlaams Gewest
2330,Merksplas,Antwerpen,Vlaams Gewest
2340,Beerse,Antwerpen,Vlaams Gewest
2350,Vosselaar,Antwerpen,Vlaams Gewest
2360,Oud-Turnhout,Antwerpen,Vlaams Gewest
2370,Arendonk,Antwerpen,Vlaams Gewest
2380,Ravels,Antwerpen,Vlaams Gewest
2381,Ravels,Antwerpen,Vlaams Gewest
2382,Ravels,Antwerpen,Vlaams Gewest
2387,Baarle-Hertog,Antwerpen,Vlaams Gewest
2390,Malle,Antwerpen,Vlaams Gewest
2400,Dessel,Antwerpen,Vlaams Gewest
2430,Laakdal,Antwerpen,Vlaams Gewest
2431,Laakdal,Antwerpen,Vlaams Gewest
2440,Geel,Antwerpen,Vlaams Gewest
2450,Meerhout,Antwerpen,Vlaams Gewest
2460,Kasterlee,Antwerpen,Vlaams Gewest
2470,Retie,Antwerpen,Vlaams Gewest
2480,Dessel,Antwerpen,Vlaams Gewest
2490,Balen,Antwerpen,Vlaams Gewest
2491,Balen,Antwerpen,Vlaams Gewest
2500,Lier,Antwerpen,Vlaams Gewest
2520,Ranst,Antwerpen,Vlaams Gewest
2530,Boechout,Antwerpen,Vlaams Gewest
2531,Boechout,Antwerpen,Vlaams Gewest
2540,Hove,Antwerpen,Vlaams Gewest
2547,Lint,Antwerpen,Vlaams Gewest
2550,Kontich,Antwerpen,Vlaams Gewest
2560,Nijlen,Antwerpen,Vlaams Gewest
2570,Duffel,Antwerpen,Vlaams Gewest
2580,Putte,Antwerpen,Vlaams Gewest
2590,Berlaar,Antwerpen,Vlaams Gewest
2600,Antwerpen,Antwerpen,Vlaams Gewest
2610,Antwerpen,Antwerpen,Vlaams Gewest
2620,Hemiksem,Antwerpen,Vlaams Gewest
2627,Schelle,Antwerpen,Vlaams Gewest
2630,Aartselaar,Antwerpen,Vlaams Gewest
2640,Mortsel,Antwerpen,Vlaams Gewest
2650,Edegem,Antwerpen,Vlaams Gewest
2660,Antwerpen,Antwerpen,Vlaams Gewest
2800,Mechelen,Antwerpen,Vlaams Gewest
2801,Mechelen,Antwerpen,Vlaams Gewest
2811,Mechelen,Antwerpen,Vlaams Gewest
2812,Mechelen,Antwerpen,Vlaams Gewest
2820,Bonheiden,Antwerpen,Vlaams Gewest
2830,Willebroek,Antwerpen,Vlaams Gewest
2840,Rumst,Antwerpen,Vlaams Gewest
2845,Niel,Antwerpen,Vlaams Gewest
2850,Boom,Antwerpen,Vlaams Gewest
2860,Sint-Katelijne-Waver,Antwerpen,Vlaams Gewest
2861,Sint-Katelijne-Waver,Antwerpen,Vlaams Gewest
2870,Puurs-Sint-Amands,Antwerpen,Vlaams Gewest
2880,Bornem,Antwerpen,Vlaams Gewest
2890,Puurs-Sint-Amands,Antwerpen,Vlaams Gewest
2900,Schoten,Antwerpen,Vlaams Gewest
2910,Essen,Antwerpen,Vlaams Gewest
2920,Kalmthout,Antwerpen,Vlaams Gewest
2930,Brasschaat,Antwerpen,Vlaams Gewest
2940,Stabroek,Antwerpen,Vlaams Gewest
2950,Kapellen,Antwerpen,Vlaams Gewest
2960,Brecht,Antwerpen,Vlaams Gewest
2970,Schilde,Antwerpen,Vlaams Gewest
2980,Zoersel,Antwerpen,Vlaams Gewest
2990,Wuustwezel,Antwerpen,Vlaams Gewest
3000,Leuven,Vlaams-Brabant,Vlaams Gewest
3001,Leuven,Vlaams-Brabant,Vlaams Gewest
3010,Leuven,Vlaams-Brabant,Vlaams Gewest
3012,Leuven,Vlaams-Brabant,Vlaams Gewest
3018,Leuven,Vlaams-Brabant,Vlaams Gewest
3020,Herent,Vlaams-Brabant,Vlaams Gewest
3040,Huldenberg,Vlaams-Brabant,Vlaams Gewest
3050,Oud-Heverlee,Vlaams-Brabant,Vlaams Gewest
3051,Oud-Heverlee,Vlaams-Brabant,Vlaams Gewest
3052,Oud-Heverlee,Vlaams-Brabant,Vlaams Gewest
3053,Oud-Heverlee,Vlaams-Brabant,Vlaams Gewest
3054,Oud-Heverlee,Vlaams-Brabant,Vlaams Gewest
3060,Bertem,Vlaams-Brabant,Vlaams Gewest
3061,Bertem,Vlaams-Brabant,Vlaams Gewest
3070,Kortenberg,Vlaams-Brabant,Vlaams Gewest
3071,Kortenberg,Vlaams-Brabant,Vlaams Gewest
3078,Kortenberg,Vlaams-Brabant,Vlaams Gewest
3080,Tervuren,Vlaams-Brabant,Vlaams Gewest
3090,Overijse,Vlaams-Brabant,Vlaams Gewest
3110,Rotselaar,Vlaams-Brabant,Vlaams Gewest
3111,Rotselaar,Vlaams-Brabant,Vlaams Gewest
3118,Rotselaar,Vlaams-Brabant,Vlaams Gewest
3120,Tremelo,Vlaams-Brabant,Vlaams Gewest
3128,Tremelo,Vlaams-Brabant,Vlaams Gewest
3130,Begijnendijk,Vlaams-Brabant,Vlaams Gewest
3140,Keerbergen,Vlaams-Brabant,Vlaams Gewest
3150,Haacht,Vlaams-Brabant,Vlaams Gewest
3190,Boortmeerbeek,Vlaams-Brabant,Vlaams Gewest
3191,Boortmeerbeek,Vlaams-Brabant,Vlaams Gewest
3200,Aarschot,Vlaams-Brabant,Vlaams Gewest
3201,Aarschot,Vlaams-Brabant,Vlaams Gewest
3202,Aarschot,Vlaams-Brabant,Vlaams Gewest
3210,Lubbeek,Vlaams-Brabant,Vlaams Gewest
3211,Lubbeek,Vlaams-Brabant,Vlaams Gewest
3212,Lubbeek,Vlaams-Brabant,Vlaams Gewest
3220,Holsbeek,Vlaams-Brabant,Vlaams Gewest
3221,Holsbeek,Vlaams-Brabant,Vlaams Gewest
3270,Scherpenheuvel-Zichem,Vlaams-Brabant,Vlaams Gewest
3271,Scherpenheuvel-Zichem,Vlaams-Brabant,Vlaams Gewest
3272,Scherpenheuvel-Zichem,Vlaams-Brabant,Vlaams Gewest
3290,Diest,Vlaams-Brabant,Vlaams Gewest
3293,Diest,Vlaams-Brabant,Vlaams Gewest
3294,Diest,Vlaams-Brabant,Vlaams Gewest
3300,Tienen,Vlaams-Brabant,Vlaams Gewest
3320,Hoegaarden,Vlaams-Brabant,Vlaams Gewest
3321,Hoegaarden,Vlaams-Brabant,Vlaams Gewest
3350,Linter,Vlaams-Brabant,Vlaams Gewest
3360,Bierbeek,Vlaams-Brabant,Vlaams Gewest
3370,Boutersem,Vlaams-Brabant,Vlaams Gewest
3380,Glabbeek,Vlaams-Brabant,Vlaams Gewest
3381,Glabbeek,Vlaams-Brabant,Vlaams Gewest
3384,Glabbeek,Vlaams-Brabant,Vlaams Gewest
3390,Tielt-Winge,Vlaams-Brabant,Vlaams Gewest
3391,Tielt-Winge,Vlaams-Brabant,Vlaams Gewest
3400,Landen,Vlaams-Brabant,Vlaams Gewest
3401,Landen,Vlaams-Brabant,Vlaams Gewest
3404,Landen,Vlaams-Brabant,Vlaams Gewest
3440,Zoutleeuw,Vlaams-Brabant,Vlaams Gewest
3450,Geetbets,Vlaams-Brabant,Vlaams Gewest
3454,Geetbets,Vlaams-Brabant,Vlaams Gewest
3460,Bekkevoort,Vlaams-Brabant,Vlaams Gewest
3461,Bekkevoort,Vlaams-Brabant,Vlaams Gewest
3470,Kortenaken,Vlaams-Brabant,Vlaams Gewest
3471,Kortenaken,Vlaams-Brabant,Vlaams Gewest
3472,Kortenaken,Vlaams-Brabant,Vlaams Gewest
3473,Kortenaken,Vlaams-Brabant,Vlaams Gewest
3500,Hasselt,Limburg,Vlaams Gewest
3501,Hasselt,Limburg,Vlaams Gewest
3510,Hasselt,Limburg,Vlaams Gewest
3511,Hasselt,Limburg,Vlaams Gewest
3512,Hasselt,Limburg,Vlaams Gewest
3520,Zonhoven,Limburg,Vlaams Gewest
3530,Houthalen-Helchteren,Limburg,Vlaams Gewest
3540,Herk-de-Stad,Limburg,Vlaams Gewest
3545,Halen,Limburg,Vlaams Gewest
3550,Heusden-Zolder,Limburg,Vlaams Gewest
3560,Lummen,Limburg,Vlaams Gewest
3570,Alken,Limburg,Vlaams Gewest
3580,Beringen,Limburg,Vlaams Gewest
3581,Beringen,Limburg,Vlaams Gewest
3582,Beringen,Limburg,Vlaams Gewest
3583,Beringen,Limburg,Vlaams Gewest
3590,Diepenbeek,Limburg,Vlaams Gewest
3600,Genk,Limburg,Vlaams Gewest
3620,Lanaken,Limburg,Vlaams Gewest
3621,Lanaken,Limburg,Vlaams Gewest
3630,Maasmechelen,Limburg,Vlaams Gewest
3631,Maasmechelen,Limburg,Vlaams Gewest
3640,Kinrooi,Limburg,Vlaams Gewest
3650,Dilsen-Stokkem,Limburg,Vlaams Gewest
3660,Oudsbergen,Limburg,Vlaams Gewest
3665,As,Limburg,Vlaams Gewest
3668,As,Limburg,Vlaams Gewest
3670,Oudsbergen,Limburg,Vlaams Gewest
3680,Maaseik,Limburg,Vlaams Gewest
3690,Zutendaal,Limburg,Vlaams Gewest
3700,Tongeren,Limburg,Vlaams Gewest
3717,Herstappe,Limburg,Vlaams Gewest
3720,Kortessem,Limburg,Vlaams Gewest
3721,Kortessem,Limburg,Vlaams Gewest
3722,Kortessem,Limburg,Vlaams Gewest
3723,Kortessem,Limburg,Vlaams Gewest
3724,Kortessem,Limburg,Vlaams Gewest
3730,Hoeselt,Limburg,Vlaams Gewest
3732,Hoeselt,Limburg,Vlaams Gewest
3740,Bilzen,Limburg,Vlaams Gewest
3742,Bilzen,Limburg,Vlaams Gewest
3746,Bilzen,Limburg,Vlaams Gewest
3770,Riemst,Limburg,Vlaams Gewest
3790,Voeren,Limburg,Vlaams Gewest
3791,Voeren,Limburg,Vlaams Gewest
3792,Voeren,Limburg,Vlaams Gewest
3793,Voeren,Limburg,Vlaams Gewest
3798,Voeren,Limburg,Vlaams Gewest
3800,Sint-Truiden,Limburg,Vlaams Gewest
3803,Sint-Truiden,Limburg,Vlaams Gewest
3806,Sint-Truiden,Limburg,Vlaams Gewest
3830,Wellen,Limburg,Vlaams Gewest
3831,Wellen,Limburg,Vlaams Gewest
3832,Wellen,Limburg,Vlaams Gewest
3840,Borgloon,Limburg,Vlaams Gewest
3850,Nieuwerkerken,Limburg,Vlaams Gewest
3870,Heers,Limburg,Vlaams Gewest
3890,Gingelom,Limburg,Vlaams Gewest
3891,Gingelom,Limburg,Vlaams Gewest
3900,Pelt,Limburg,Vlaams Gewest
3910,Pelt,Limburg,Vlaams Gewest
3920,Lommel,Limburg,Vlaams Gewest
3930,Hamont-Achel,Limburg,Vlaams Gewest
3940,Hechtel-Eksel,Limburg,Vlaams Gewest
3941,Hechtel-Eksel,Limburg,Vlaams Gewest
3945,Ham,Limburg,Vlaams Gewest
3950,Bocholt,Limburg,Vlaams Gewest
3960,Bree,Limburg,Vlaams Gewest
3970,Leopoldsburg,Limburg,Vlaams Gewest
3971,Leopoldsburg,Limburg,Vlaams Gewest
3980,Tessenderlo,Limburg,Vlaams Gewest
3990,Peer,Limburg,Vlaams Gewest
8000,Brugge,West-Vlaanderen,Vlaams Gewest
8020,Oostkamp,West-Vlaanderen,Vlaams Gewest
8200,Brugge,West-Vlaanderen,Vlaams Gewest
8210,Zedelgem,West-Vlaanderen,Vlaams Gewest
8211,Zedelgem,West-Vlaanderen,Vlaams Gewest
8300,Knokke-Heist,West-Vlaanderen,Vlaams Gewest
8301,Knokke-Heist,West-Vlaanderen,Vlaams Gewest
8310,Brugge,West-Vlaanderen,Vlaams Gewest
8340,Damme,West-Vlaanderen,Vlaams Gewest
8370,Blankenberge,West-Vlaanderen,Vlaams Gewest
8377,Zuienkerke,West-Vlaanderen,Vlaams Gewest
8380,Brugge,West-Vlaanderen,Vlaams Gewest
8400,Oostende,West-Vlaanderen,Vlaams Gewest
8420,De Haan,West-Vlaanderen,Vlaams Gewest
8421,De Haan,West-Vlaanderen,Vlaams Gewest
8430,Middelkerke,West-Vlaanderen,Vlaams Gewest
8431,Middelkerke,West-Vlaanderen,Vlaams Gewest
8432,Middelkerke,West-Vlaanderen,Vlaams Gewest
8433,Middelkerke,West-Vlaanderen,Vlaams Gewest
8434,Middelkerke,West-Vlaanderen,Vlaams Gewest
8450,Bredene,West-Vlaanderen,Vlaams Gewest
8460,Oudenburg,West-Vlaanderen,Vlaams Gewest
8470,Gistel,West-Vlaanderen,Vlaams Gewest
8480,Ichtegem,West-Vlaanderen,Vlaams Gewest
8490,Jabbeke,West-Vlaanderen,Vlaams Gewest
8500,Kortrijk,West-Vlaanderen,Vlaams Gewest
8501,Kortrijk,West-Vlaanderen,Vlaams Gewest
8510,Kortrijk,West-Vlaanderen,Vlaams Gewest
8511,Kortrijk,West-Vlaanderen,Vlaams Gewest
8520,Kuurne,West-Vlaanderen,Vlaams Gewest
8530,Harelbeke,West-Vlaanderen,Vlaams Gewest
8531,Harelbeke,West-Vlaanderen,Vlaams Gewest
8540,Deerlijk,West-Vlaanderen,Vlaams Gewest
8550,Zwevegem,West-Vlaanderen,Vlaams Gewest
8551,Zwevegem,West-Vlaanderen,Vlaams Gewest
8552,Zwevegem,West-Vlaanderen,Vlaams Gewest
8553,Zwevegem,West-Vlaanderen,Vlaams Gewest
8554,Zwevegem,West-Vlaanderen,Vlaams Gewest
8560,Wevelgem,West-Vlaanderen,Vlaams Gewest
8570,Anzegem,West-Vlaanderen,Vlaams Gewest
8572,Anzegem,West-Vlaanderen,Vlaams Gewest
8573,Anzegem,West-Vlaanderen,Vlaams Gewest
8580,Avelgem,West-Vlaanderen,Vlaams Gewest
8581,Avelgem,West-Vlaanderen,Vlaams Gewest
8582,Avelgem,West-Vlaanderen,Vlaams Gewest
8583,Avelgem,West-Vlaanderen,Vlaams Gewest
8587,Spiere-Helkijn,West-Vlaanderen,Vlaams Gewest
8600,Diksmuide,West-Vlaanderen,Vlaams Gewest
8610,Kortemark,West-Vlaanderen,Vlaams Gewest
8620,Nieuwpoort,West-Vlaanderen,Vlaams Gewest
8630,Veurne,West-Vlaanderen,Vlaams Gewest
8640,Vleteren,West-Vlaanderen,Vlaams Gewest
8647,Lo-Reninge,West-Vlaanderen,Vlaams Gewest
8650,Houthulst,West-Vlaanderen,Vlaams Gewest
8660,De Panne,West-Vlaanderen,Vlaams Gewest
8670,Koksijde,West-Vlaanderen,Vlaams Gewest
8680,Koekelare,West-Vlaanderen,Vlaams Gewest
8690,Alveringem,West-Vlaanderen,Vlaams Gewest
8691,Alveringem,West-Vlaanderen,Vlaams Gewest
8700,Tielt,West-Vlaanderen,Vlaams Gewest
8710,Wielsbeke,West-Vlaanderen,Vlaams Gewest
8720,Dentergem,West-Vlaanderen,Vlaams Gewest
8730,Beernem,West-Vlaanderen,Vlaams Gewest
8740,Pittem,West-Vlaanderen,Vlaams Gewest
8750,Wingene,West-Vlaanderen,Vlaams Gewest
8755,Ruiselede,West-Vlaanderen,Vlaams Gewest
8760,Meulebeke,West-Vlaanderen,Vlaams Gewest
8770,Ingelmunster,West-Vlaanderen,Vlaams Gewest
8780,Oostrozebeke,West-Vlaanderen,Vlaams Gewest
8790,Waregem,West-Vlaanderen,Vlaams Gewest
8791,Waregem,West-Vlaanderen,Vlaams Gewest
8792,Waregem,West-Vlaanderen,Vlaams Gewest
8793,Waregem,West-Vlaanderen,Vlaams Gewest
8800,Roeselare,West-Vlaanderen,Vlaams Gewest
8810,Lichtervelde,West-Vlaanderen,Vlaams Gewest
8820,Torhout,West-Vlaanderen,Vlaams Gewest
8830,Hooglede,West-Vlaanderen,Vlaams Gewest
8840,Staden,West-Vlaanderen,Vlaams Gewest
8850,Ardooie,West-Vlaanderen,Vlaams Gewest
8851,Ardooie,West-Vlaanderen,Vlaams Gewest
8860,Lendelede,West-Vlaanderen,Vlaams Gewest
8870,Izegem,West-Vlaanderen,Vlaams Gewest
8880,Ledegem,West-Vlaanderen,Vlaams Gewest
8890,Moorslede,West-Vlaanderen,Vlaams Gewest
8900,Ieper,West-Vlaanderen,Vlaams Gewest
8902,Ieper,West-Vlaanderen,Vlaams Gewest
8904,Ieper,West-Vlaanderen,Vlaams Gewest
8906,Ieper,West-Vlaanderen,Vlaams Gewest
8908,Ieper,West-Vlaanderen,Vlaams Gewest
8920,Langemark-Poelkapelle,West-Vlaanderen,Vlaams Gewest
8930,Menen,West-Vlaanderen,Vlaams Gewest
8940,Wervik,West-Vlaanderen,Vlaams Gewest
8950,Heuvelland,West-Vlaanderen,Vlaams Gewest
8951,Heuvelland,West-Vlaanderen,Vlaams Gewest
8952,Heuvelland,West-Vlaanderen,Vlaams Gewest
8953,Heuvelland,West-Vlaanderen,Vlaams Gewest
8954,Heuvelland,West-Vlaanderen,Vlaams Gewest
8956,Heuvelland,West-Vlaanderen,Vlaams Gewest
8957,Mesen,West-Vlaanderen,Vlaams Gewest
8958,Heuvelland,West-Vlaanderen,Vlaams Gewest
8970,Poperinge,West-Vlaanderen,Vlaams Gewest
8972,Poperinge,West-Vlaanderen,Vlaams Gewest
8978,Poperinge,West-Vlaanderen,Vlaams Gewest
8980,Zonnebeke,West-Vlaanderen,Vlaams Gewest
9000,Gent,Oost-Vlaanderen,Vlaams Gewest
9030,Gent,Oost-Vlaanderen,Vlaams Gewest
9031,Gent,Oost-Vlaanderen,Vlaams Gewest
9032,Gent,Oost-Vlaanderen,Vlaams Gewest
9040,Gent,Oost-Vlaanderen,Vlaams Gewest
9041,Gent,Oost-Vlaanderen,Vlaams Gewest
9042,Gent,Oost-Vlaanderen,Vlaams Gewest
9050,Gent,Oost-Vlaanderen,Vlaams Gewest
9051,Gent,Oost-Vlaanderen,Vlaams Gewest
9052,Gent,Oost-Vlaanderen,Vlaams Gewest
9060,Zelzate,Oost-Vlaanderen,Vlaams Gewest
9070,Destelbergen,Oost-Vlaanderen,Vlaams Gewest
9075,Gent,Oost-Vlaanderen,Vlaams Gewest
9080,Lochristi,Oost-Vlaanderen,Vlaams Gewest
9090,Melle,Oost-Vlaanderen,Vlaams Gewest
9099,Gent,Oost-Vlaanderen,Vlaams Gewest
9100,Sint-Niklaas,Oost-Vlaanderen,Vlaams Gewest
9111,Sint-Niklaas,Oost-Vlaanderen,Vlaams Gewest
9112,Sint-Niklaas,Oost-Vlaanderen,Vlaams Gewest
9120,Beveren,Oost-Vlaanderen,Vlaams Gewest
9130,Beveren,Oost-Vlaanderen,Vlaams Gewest
9140,Temse,Oost-Vlaanderen,Vlaams Gewest
9150,Kruibeke,Oost-Vlaanderen,Vlaams Gewest
9160,Lokeren,Oost-Vlaanderen,Vlaams Gewest
9170,Sint-Gillis-Waas,Oost-Vlaanderen,Vlaams Gewest
9180,Moerbeke,Oost-Vlaanderen,Vlaams Gewest
9185,Wachtebeke,Oost-Vlaanderen,Vlaams Gewest
9190,Stekene,Oost-Vlaanderen,Vlaams Gewest
9200,Dendermonde,Oost-Vlaanderen,Vlaams Gewest
9220,Hamme,Oost-Vlaanderen,Vlaams Gewest
9230,Wetteren,Oost-Vlaanderen,Vlaams Gewest
9240,Zele,Oost-Vlaanderen,Vlaams Gewest
9250,Waasmunster,Oost-Vlaanderen,Vlaams Gewest
9255,Buggenhout,Oost-Vlaanderen,Vlaams Gewest
9260,Wichelen,Oost-Vlaanderen,Vlaams Gewest
9270,Laarne,Oost-Vlaanderen,Vlaams Gewest
9280,Lebbeke,Oost-Vlaanderen,Vlaams Gewest
9290,Berlare,Oost-Vlaanderen,Vlaams Gewest
9300,Aalst,Oost-Vlaanderen,Vlaams Gewest
9308,Aalst,Oost-Vlaanderen,Vlaams Gewest
9310,Aalst,Oost-Vlaanderen,Vlaams Gewest
9320,Aalst,Oost-Vlaanderen,Vlaams Gewest
9340,Lede,Oost-Vlaanderen,Vlaams Gewest
9400,Ninove,Oost-Vlaanderen,Vlaams Gewest
9401,Ninove,Oost-Vlaanderen,Vlaams Gewest
9402,Ninove,Oost-Vlaanderen,Vlaams Gewest
9403,Ninove,Oost-Vlaanderen,Vlaams Gewest
9404,Ninove,Oost-Vlaanderen,Vlaams Gewest
9406,Ninove,Oost-Vlaanderen,Vlaams Gewest
9420,Erpe-Mere,Oost-Vlaanderen,Vlaams Gewest
9450,Haaltert,Oost-Vlaanderen,Vlaams Gewest
9451,Haaltert,Oost-Vlaanderen,Vlaams Gewest
9470,Denderleeuw,Oost-Vlaanderen,Vlaams Gewest
9472,Denderleeuw,Oost-Vlaanderen,Vlaams Gewest
9473,Denderleeuw,Oost-Vlaanderen,Vlaams Gewest
9500,Geraardsbergen,Oost-Vlaanderen,Vlaams Gewest
9506,Geraardsbergen,Oost-Vlaanderen,Vlaams Gewest
9520,Sint-Lievens-Houtem,Oost-Vlaanderen,Vlaams Gewest
9521,Sint-Lievens-Houtem,Oost-Vlaanderen,Vlaams Gewest
9550,Herzele,Oost-Vlaanderen,Vlaams Gewest
9551,Herzele,Oost-Vlaanderen,Vlaams Gewest
9552,Herzele,Oost-Vlaanderen,Vlaams Gewest
9570,Lierde,Oost-Vlaanderen,Vlaams Gewest
9571,Lierde,Oost-Vlaanderen,Vlaams Gewest
9572,Lierde,Oost-Vlaanderen,Vlaams Gewest
9600,Ronse,Oost-Vlaanderen,Vlaams Gewest
9620,Zottegem,Oost-Vlaanderen,Vlaams Gewest
9630,Zwalm,Oost-Vlaanderen,Vlaams Gewest
9636,Zwalm,Oost-Vlaanderen,Vlaams Gewest
9660,Brakel,Oost-Vlaanderen,Vlaams Gewest
9661,Brakel,Oost-Vlaanderen,Vlaams Gewest
9667,Horebeke,Oost-Vlaanderen,Vlaams Gewest
9680,Maarkedal,Oost-Vlaanderen,Vlaams Gewest
9681,Maarkedal,Oost-Vlaanderen,Vlaams Gewest
9688,Maarkedal,Oost-Vlaanderen,Vlaams Gewest
9690,Kluisbergen,Oost-Vlaanderen,Vlaams Gewest
9700,Oudenaarde,Oost-Vlaanderen,Vlaams Gewest
9750,Kruisem,Oost-Vlaanderen,Vlaams Gewest
9770,Kruisem,Oost-Vlaanderen,Vlaams Gewest
9771,Kruisem,Oost-Vlaanderen,Vlaams Gewest
9772,Kruisem,Oost-Vlaanderen,Vlaams Gewest
9790,Wortegem-Petegem,Oost-Vlaanderen,Vlaams Gewest
9800,Deinze,Oost-Vlaanderen,Vlaams Gewest
9810,Nazareth,Oost-Vlaanderen,Vlaams Gewest
9820,Merelbeke,Oost-Vlaanderen,Vlaams Gewest
9830,Sint-Martens-Latem,Oost-Vlaanderen,Vlaams Gewest
9831,Sint-Martens-Latem,Oost-Vlaanderen,Vlaams Gewest
9840,De Pinte,Oost-Vlaanderen,Vlaams Gewest
9850,Deinze,Oost-Vlaanderen,Vlaams Gewest
9860,Oosterzele,Oost-Vlaanderen,Vlaams Gewest
9870,Zulte,Oost-Vlaanderen,Vlaams Gewest
9880,Aalter,Oost-Vlaanderen,Vlaams Gewest
9881,Aalter,Oost-Vlaanderen,Vlaams Gewest
9890,Gavere,Oost-Vlaanderen,Vlaams Gewest
9900,Eeklo,Oost-Vlaanderen,Vlaams Gewest
9910,Aalter,Oost-Vlaanderen,Vlaams Gewest
9920,Lievegem,Oost-Vlaanderen,Vlaams Gewest
9921,Lievegem,Oost-Vlaanderen,Vlaams Gewest
9930,Lievegem,Oost-Vlaanderen,Vlaams Gewest
9931,Lievegem,Oost-Vlaanderen,Vlaams Gewest
9932,Lievegem,Oost-Vlaanderen,Vlaams Gewest
9940,Evergem,Oost-Vlaanderen,Vlaams Gewest
9950,Lievegem,Oost-Vlaanderen,Vlaams Gewest
9960,Assenede,Oost-Vlaanderen,Vlaams Gewest
9961,Assenede,Oost-Vlaanderen,Vlaams Gewest
9968,Assenede,Oost-Vlaanderen,Vlaams Gewest
9970,Kaprijke,Oost-Vlaanderen,Vlaams Gewest
9971,Kaprijke,Oost-Vlaanderen,Vlaams Gewest
9980,Sint-Laureins,Oost-Vlaanderen,Vlaams Gewest
9981,Sint-Laureins,Oost-Vlaanderen,Vlaams Gewest
9982,Sint-Laureins,Oost-Vlaanderen,Vlaams Gewest
9988,Sint-Laureins,Oost-Vlaanderen,Vlaams Gewest
9990,Maldegem,Oost-Vlaanderen,Vlaams Gewest
9991,Maldegem,Oost-Vlaanderen,Vlaams Gewest
9992,Maldegem,Oost-Vlaanderen,Vlaams Gewest